{"is_source_file": false, "format": "", "description": "", "external_files": [], "external_methods": [], "published": [], "classes": [], "methods": [], "calls": [], "search-terms": [], "state": 2, "file_id": 4, "knowledge_revision": 14, "git_revision": "afc1606c12f0bd77986742c90e17d5752f8d51db", "hash": "22f9e17cc1848b56dbb244518ac2707e", "format-version": 4, "code-base-name": "todo_frontend", "filename": "todo_frontend/src/App.css", "revision_history": [{"14": "afc1606c12f0bd77986742c90e17d5752f8d51db"}]}