{"is_source_file": false, "format": "", "description": "", "external_files": [], "external_methods": [], "published": [], "classes": [], "methods": [], "calls": [], "search-terms": [], "state": 2, "file_id": 7, "knowledge_revision": 19, "git_revision": "afc1606c12f0bd77986742c90e17d5752f8d51db", "hash": "be6538e7523bc2e9da0743133d784136", "format-version": 4, "code-base-name": "todo_frontend", "filename": "todo_frontend/eslint.config.mjs", "revision_history": [{"19": "afc1606c12f0bd77986742c90e17d5752f8d51db"}]}