{"is_source_file": false, "format": "", "description": "", "external_files": [], "external_methods": [], "published": [], "classes": [], "methods": [], "calls": [], "search-terms": [], "state": 2, "file_id": 11, "knowledge_revision": 18, "git_revision": "afc1606c12f0bd77986742c90e17d5752f8d51db", "hash": "ebece526bc2eadd78ddd787a76c56607", "format-version": 4, "code-base-name": "todo_frontend", "filename": "todo_frontend/README.md", "revision_history": [{"18": "afc1606c12f0bd77986742c90e17d5752f8d51db"}]}