{"is_source_file": false, "format": "", "description": "", "external_files": [], "external_methods": [], "published": [], "classes": [], "methods": [], "calls": [], "search-terms": [], "state": 2, "file_id": 2, "knowledge_revision": 15, "git_revision": "afc1606c12f0bd77986742c90e17d5752f8d51db", "hash": "6c2104b8d219ed99234ae2d6329f4357", "format-version": 4, "code-base-name": "todo_frontend", "filename": "todo_frontend/src/index.css", "revision_history": [{"15": "afc1606c12f0bd77986742c90e17d5752f8d51db"}]}