{"is_source_file": true, "format": "JavaScript", "description": "This is the entry point of a React web application, responsible for rendering the root React component into the DOM.", "external_files": ["./index.css", "./App"], "external_methods": ["ReactDOM.createRoot", "root.render"], "published": [], "classes": [], "methods": [{"name": "ReactDOM.createRoot", "description": "Creates a React root for rendering React components.", "calls": ["ReactDOM.createRoot"]}, {"name": "root.render", "description": "Renders the React component tree into the DOM.", "calls": ["root.render"]}], "calls": ["ReactDOM.createRoot", "root.render"], "search-terms": ["React", "ReactDOM", "index.js", "render", "React.StrictMode"], "state": 2, "file_id": 3, "knowledge_revision": 24, "git_revision": "afc1606c12f0bd77986742c90e17d5752f8d51db", "ctags": [{"_type": "tag", "name": "root", "path": "/home/kavia/workspace/code-generation/simple-to-do-list-311631-311640/todo_frontend/src/index.js", "pattern": "/^const root = ReactDOM.createRoot(document.getElementById('root'));$/", "language": "JavaScript", "kind": "constant"}], "hash": "9fc5841375336fc175b49f8767a11383", "format-version": 4, "code-base-name": "todo_frontend", "filename": "todo_frontend/src/index.js", "revision_history": [{"24": "afc1606c12f0bd77986742c90e17d5752f8d51db"}]}